estimand,configuration,propensity,truncation_lower,truncation_upper,truncation,result_dir,result_subdir,N,tmax,n_iterations,n_missing,true_parameter,method,bias,rmse,coverage,interval_length
"E[Y(1,1)]",Linear DGP + truncated logistic,truncated_logistic,0.1,0.9,"[0.1, 0.9]",results/linear,truncated_logistic_0.1_0.9,500,500,500,0,-2.0,Oracle,0.022814223542809486,0.2449275255203247,0.9319999814033508,0.8771821856498718
"E[Y(1,1)]",Linear DGP + truncated logistic,truncated_logistic,0.1,0.9,"[0.1, 0.9]",results/linear,truncated_logistic_0.1_0.9,500,500,500,0,-2.0,Manual-Lasso (Bradic Original),0.07550602406263351,0.6111876964569092,0.9419999718666077,1.2947832345962524
"E[Y(1,1)]",Linear DGP + truncated logistic,truncated_logistic,0.1,0.9,"[0.1, 0.9]",results/linear,truncated_logistic_0.1_0.9,500,500,500,0,-2.0,Manual-Lasso (Bradic),-0.3178800046443939,1.2257996797561646,0.9639999866485596,2.565711498260498
"E[Y(1,1)]",Linear DGP + truncated logistic,truncated_logistic,0.1,0.9,"[0.1, 0.9]",results/linear,truncated_logistic_0.1_0.9,500,500,500,0,-2.0,Manual-RF (Bradic),1.2795007228851318,4.644227504730225,0.9459999799728394,6.586733341217041
"E[Y(1,1)]",Linear DGP + truncated logistic,truncated_logistic,0.1,0.9,"[0.1, 0.9]",results/linear,truncated_logistic_0.1_0.9,500,500,500,0,-2.0,Manual-NN (Bradic),0.3370613753795624,2.5776736736297607,0.9779999852180481,3.9469358921051025
"E[Y(1,1)]",Linear DGP + truncated logistic,truncated_logistic,0.1,0.9,"[0.1, 0.9]",results/linear,truncated_logistic_0.1_0.9,500,500,500,0,-2.0,Manual-Lasso,-0.3524506390094757,1.2249925136566162,0.9679999947547913,2.5514438152313232
"E[Y(1,1)]",Linear DGP + truncated logistic,truncated_logistic,0.1,0.9,"[0.1, 0.9]",results/linear,truncated_logistic_0.1_0.9,500,500,500,0,-2.0,Manual-RF,1.3602734804153442,4.67220401763916,0.9520000219345093,6.641480445861816
"E[Y(1,1)]",Linear DGP + truncated logistic,truncated_logistic,0.1,0.9,"[0.1, 0.9]",results/linear,truncated_logistic_0.1_0.9,500,500,500,0,-2.0,Manual-NN,0.33697664737701416,2.5776469707489014,0.9779999852180481,3.9469492435455322
"E[Y(1,1)]",Linear DGP + truncated logistic,truncated_logistic,0.1,0.9,"[0.1, 0.9]",results/linear,truncated_logistic_0.1_0.9,500,500,500,0,-2.0,Manual-Lasso-Lasso,-0.23541386425495148,1.0196218490600586,0.9620000123977661,2.2702622413635254
"E[Y(1,1)]",Linear DGP + truncated logistic,truncated_logistic,0.1,0.9,"[0.1, 0.9]",results/linear,truncated_logistic_0.1_0.9,500,500,500,0,-2.0,Manual-RF-RF,-0.6779015064239502,0.7317004799842834,0.2160000056028366,0.917144238948822
"E[Y(1,1)]",Linear DGP + truncated logistic,truncated_logistic,0.1,0.9,"[0.1, 0.9]",results/linear,truncated_logistic_0.1_0.9,500,500,500,0,-2.0,Manual-NN-NN,31.261882781982422,209.7047576904297,0.9620000123977661,143.06918334960938
"E[Y(1,1)]",Linear DGP + truncated logistic,truncated_logistic,0.1,0.9,"[0.1, 0.9]",results/linear,truncated_logistic_0.1_0.9,500,500,500,0,-2.0,Auto-Lasso,0.022549979388713837,0.22929269075393677,0.9279999732971191,0.8152827620506287
"E[Y(1,1)]",Linear DGP + truncated logistic,truncated_logistic,0.1,0.9,"[0.1, 0.9]",results/linear,truncated_logistic_0.1_0.9,500,500,500,0,-2.0,Auto-RF,0.01894577033817768,0.23728245496749878,0.8579999804496765,0.7108060121536255
"E[Y(1,1)]",Linear DGP + truncated logistic,truncated_logistic,0.1,0.9,"[0.1, 0.9]",results/linear,truncated_logistic_0.1_0.9,500,500,500,0,-2.0,Auto-NN,-0.23801691830158234,0.3329460620880127,0.7440000176429749,0.7993865013122559
"E[Y(1,1)]",Linear DGP + truncated logistic,truncated_logistic,0.1,0.9,"[0.1, 0.9]",results/linear,truncated_logistic_0.1_0.9,1000,500,500,0,-2.0,Oracle,3.335762085043825e-05,0.16196662187576294,0.9419999718666077,0.6227383017539978
"E[Y(1,1)]",Linear DGP + truncated logistic,truncated_logistic,0.1,0.9,"[0.1, 0.9]",results/linear,truncated_logistic_0.1_0.9,1000,500,500,0,-2.0,Manual-Lasso (Bradic Original),0.012399408966302872,0.2478412240743637,0.9419999718666077,0.83670973777771
"E[Y(1,1)]",Linear DGP + truncated logistic,truncated_logistic,0.1,0.9,"[0.1, 0.9]",results/linear,truncated_logistic_0.1_0.9,1000,500,500,0,-2.0,Manual-Lasso (Bradic),-0.25913205742836,0.8439233899116516,0.9779999852180481,1.860882043838501
"E[Y(1,1)]",Linear DGP + truncated logistic,truncated_logistic,0.1,0.9,"[0.1, 0.9]",results/linear,truncated_logistic_0.1_0.9,1000,500,500,0,-2.0,Manual-RF (Bradic),0.6285064816474915,2.6091253757476807,0.9559999704360962,3.3124630451202393
"E[Y(1,1)]",Linear DGP + truncated logistic,truncated_logistic,0.1,0.9,"[0.1, 0.9]",results/linear,truncated_logistic_0.1_0.9,1000,500,500,0,-2.0,Manual-NN (Bradic),0.3572511672973633,1.6979936361312866,0.9779999852180481,2.891335964202881
"E[Y(1,1)]",Linear DGP + truncated logistic,truncated_logistic,0.1,0.9,"[0.1, 0.9]",results/linear,truncated_logistic_0.1_0.9,1000,500,500,0,-2.0,Manual-Lasso,-0.2918888032436371,0.8764981031417847,0.9739999771118164,1.8549437522888184
"E[Y(1,1)]",Linear DGP + truncated logistic,truncated_logistic,0.1,0.9,"[0.1, 0.9]",results/linear,truncated_logistic_0.1_0.9,1000,500,500,0,-2.0,Manual-RF,0.6516477465629578,2.623239040374756,0.9559999704360962,3.3250300884246826
"E[Y(1,1)]",Linear DGP + truncated logistic,truncated_logistic,0.1,0.9,"[0.1, 0.9]",results/linear,truncated_logistic_0.1_0.9,1000,500,500,0,-2.0,Manual-NN,0.35717833042144775,1.6979659795761108,0.9779999852180481,2.89138126373291
"E[Y(1,1)]",Linear DGP + truncated logistic,truncated_logistic,0.1,0.9,"[0.1, 0.9]",results/linear,truncated_logistic_0.1_0.9,1000,500,500,0,-2.0,Manual-Lasso-Lasso,-0.22255343198776245,0.7542802691459656,0.9760000109672546,1.7446229457855225
"E[Y(1,1)]",Linear DGP + truncated logistic,truncated_logistic,0.1,0.9,"[0.1, 0.9]",results/linear,truncated_logistic_0.1_0.9,1000,500,500,0,-2.0,Manual-RF-RF,-0.24585779011249542,0.30227425694465637,0.5699999928474426,0.5538977980613708
"E[Y(1,1)]",Linear DGP + truncated logistic,truncated_logistic,0.1,0.9,"[0.1, 0.9]",results/linear,truncated_logistic_0.1_0.9,1000,500,500,0,-2.0,Manual-NN-NN,109.19012451171875,1926.396728515625,0.9760000109672546,433.21551513671875
"E[Y(1,1)]",Linear DGP + truncated logistic,truncated_logistic,0.1,0.9,"[0.1, 0.9]",results/linear,truncated_logistic_0.1_0.9,1000,500,500,0,-2.0,Auto-Lasso,-0.0028410928789526224,0.1491769254207611,0.9380000233650208,0.5640698075294495
"E[Y(1,1)]",Linear DGP + truncated logistic,truncated_logistic,0.1,0.9,"[0.1, 0.9]",results/linear,truncated_logistic_0.1_0.9,1000,500,500,0,-2.0,Auto-RF,0.0014704144559800625,0.15572413802146912,0.8939999938011169,0.5060629844665527
"E[Y(1,1)]",Linear DGP + truncated logistic,truncated_logistic,0.1,0.9,"[0.1, 0.9]",results/linear,truncated_logistic_0.1_0.9,1000,500,500,0,-2.0,Auto-NN,-0.03930021449923515,0.17733576893806458,0.906000018119812,0.6366462111473083
"E[Y(1,1)]",Linear DGP + truncated logistic,truncated_logistic,0.1,0.9,"[0.1, 0.9]",results/linear,truncated_logistic_0.1_0.9,2000,500,500,0,-2.0,Oracle,0.00513088796287775,0.11035355180501938,0.9700000286102295,0.44122034311294556
"E[Y(1,1)]",Linear DGP + truncated logistic,truncated_logistic,0.1,0.9,"[0.1, 0.9]",results/linear,truncated_logistic_0.1_0.9,2000,500,500,0,-2.0,Manual-Lasso (Bradic Original),-0.002996482653543353,0.23750446736812592,0.9760000109672546,0.6503540277481079
"E[Y(1,1)]",Linear DGP + truncated logistic,truncated_logistic,0.1,0.9,"[0.1, 0.9]",results/linear,truncated_logistic_0.1_0.9,2000,500,500,0,-2.0,Manual-Lasso (Bradic),-0.2635664641857147,1.1068100929260254,0.984000027179718,1.5234007835388184
"E[Y(1,1)]",Linear DGP + truncated logistic,truncated_logistic,0.1,0.9,"[0.1, 0.9]",results/linear,truncated_logistic_0.1_0.9,2000,500,500,0,-2.0,Manual-RF (Bradic),0.41965609788894653,1.734081506729126,0.9739999771118164,2.1169164180755615
"E[Y(1,1)]",Linear DGP + truncated logistic,truncated_logistic,0.1,0.9,"[0.1, 0.9]",results/linear,truncated_logistic_0.1_0.9,2000,500,500,0,-2.0,Manual-NN (Bradic),0.34396472573280334,1.4123913049697876,0.984000027179718,2.175445556640625
"E[Y(1,1)]",Linear DGP + truncated logistic,truncated_logistic,0.1,0.9,"[0.1, 0.9]",results/linear,truncated_logistic_0.1_0.9,2000,500,500,0,-2.0,Manual-Lasso,-0.2897823750972748,1.1221206188201904,0.9819999933242798,1.529119849205017
"E[Y(1,1)]",Linear DGP + truncated logistic,truncated_logistic,0.1,0.9,"[0.1, 0.9]",results/linear,truncated_logistic_0.1_0.9,2000,500,500,0,-2.0,Manual-RF,0.4436075985431671,1.7407735586166382,0.9739999771118164,2.1278769969940186
"E[Y(1,1)]",Linear DGP + truncated logistic,truncated_logistic,0.1,0.9,"[0.1, 0.9]",results/linear,truncated_logistic_0.1_0.9,2000,500,500,0,-2.0,Manual-NN,0.3436981737613678,1.4123057126998901,0.984000027179718,2.1754555702209473
"E[Y(1,1)]",Linear DGP + truncated logistic,truncated_logistic,0.1,0.9,"[0.1, 0.9]",results/linear,truncated_logistic_0.1_0.9,2000,500,500,0,-2.0,Manual-Lasso-Lasso,-0.2435317039489746,1.0420409440994263,0.984000027179718,1.46515953540802
"E[Y(1,1)]",Linear DGP + truncated logistic,truncated_logistic,0.1,0.9,"[0.1, 0.9]",results/linear,truncated_logistic_0.1_0.9,2000,500,500,0,-2.0,Manual-RF-RF,-0.17203927040100098,0.2102116346359253,0.5600000023841858,0.3809858560562134
"E[Y(1,1)]",Linear DGP + truncated logistic,truncated_logistic,0.1,0.9,"[0.1, 0.9]",results/linear,truncated_logistic_0.1_0.9,2000,500,500,0,-2.0,Manual-NN-NN,22.556095123291016,213.5703887939453,0.9860000014305115,92.9417953491211
"E[Y(1,1)]",Linear DGP + truncated logistic,truncated_logistic,0.1,0.9,"[0.1, 0.9]",results/linear,truncated_logistic_0.1_0.9,2000,500,500,0,-2.0,Auto-Lasso,0.008074351586401463,0.09964721649885178,0.9580000042915344,0.3968481421470642
"E[Y(1,1)]",Linear DGP + truncated logistic,truncated_logistic,0.1,0.9,"[0.1, 0.9]",results/linear,truncated_logistic_0.1_0.9,2000,500,500,0,-2.0,Auto-RF,0.004622445907443762,0.13453687727451324,0.906000018119812,0.3680188059806824
"E[Y(1,1)]",Linear DGP + truncated logistic,truncated_logistic,0.1,0.9,"[0.1, 0.9]",results/linear,truncated_logistic_0.1_0.9,2000,500,500,0,-2.0,Auto-NN,0.0016850958345457911,0.14784234762191772,0.9620000123977661,0.5640290975570679
"E[Y(1,1)]",Nonlinear DGP + truncated adversarial,truncated_adv,0.1,0.9,"[0.1, 0.9]",results/nonlinear,truncated_adv_0.1_0.9,500,500,500,0,6.574518871307373,Oracle,-0.012644168920814991,0.3993864357471466,0.9459999799728394,1.4997140169143677
"E[Y(1,1)]",Nonlinear DGP + truncated adversarial,truncated_adv,0.1,0.9,"[0.1, 0.9]",results/nonlinear,truncated_adv_0.1_0.9,500,500,500,0,6.574518871307373,Manual-Lasso (Bradic Original),-22.025211334228516,443.57391357421875,0.9200000166893005,95.25910949707031
"E[Y(1,1)]",Nonlinear DGP + truncated adversarial,truncated_adv,0.1,0.9,"[0.1, 0.9]",results/nonlinear,truncated_adv_0.1_0.9,500,500,500,0,6.574518871307373,Manual-Lasso (Bradic),,,0.0,
"E[Y(1,1)]",Nonlinear DGP + truncated adversarial,truncated_adv,0.1,0.9,"[0.1, 0.9]",results/nonlinear,truncated_adv_0.1_0.9,500,500,500,0,6.574518871307373,Manual-RF (Bradic),,,0.0,
"E[Y(1,1)]",Nonlinear DGP + truncated adversarial,truncated_adv,0.1,0.9,"[0.1, 0.9]",results/nonlinear,truncated_adv_0.1_0.9,500,500,500,0,6.574518871307373,Manual-NN (Bradic),,,0.0,
"E[Y(1,1)]",Nonlinear DGP + truncated adversarial,truncated_adv,0.1,0.9,"[0.1, 0.9]",results/nonlinear,truncated_adv_0.1_0.9,500,500,500,0,6.574518871307373,Manual-Lasso,,,0.0,
"E[Y(1,1)]",Nonlinear DGP + truncated adversarial,truncated_adv,0.1,0.9,"[0.1, 0.9]",results/nonlinear,truncated_adv_0.1_0.9,500,500,500,0,6.574518871307373,Manual-RF,,,0.0,
"E[Y(1,1)]",Nonlinear DGP + truncated adversarial,truncated_adv,0.1,0.9,"[0.1, 0.9]",results/nonlinear,truncated_adv_0.1_0.9,500,500,500,0,6.574518871307373,Manual-NN,,,0.0,
"E[Y(1,1)]",Nonlinear DGP + truncated adversarial,truncated_adv,0.1,0.9,"[0.1, 0.9]",results/nonlinear,truncated_adv_0.1_0.9,500,500,500,0,6.574518871307373,Manual-Lasso-Lasso,,,0.0,
"E[Y(1,1)]",Nonlinear DGP + truncated adversarial,truncated_adv,0.1,0.9,"[0.1, 0.9]",results/nonlinear,truncated_adv_0.1_0.9,500,500,500,0,6.574518871307373,Manual-RF-RF,,,0.0,
"E[Y(1,1)]",Nonlinear DGP + truncated adversarial,truncated_adv,0.1,0.9,"[0.1, 0.9]",results/nonlinear,truncated_adv_0.1_0.9,500,500,500,0,6.574518871307373,Manual-NN-NN,,,0.0,
"E[Y(1,1)]",Nonlinear DGP + truncated adversarial,truncated_adv,0.1,0.9,"[0.1, 0.9]",results/nonlinear,truncated_adv_0.1_0.9,500,500,500,0,6.574518871307373,Auto-Lasso,0.525792121887207,0.5935674905776978,0.515999972820282,1.080660104751587
"E[Y(1,1)]",Nonlinear DGP + truncated adversarial,truncated_adv,0.1,0.9,"[0.1, 0.9]",results/nonlinear,truncated_adv_0.1_0.9,500,500,500,0,6.574518871307373,Auto-RF,0.23375940322875977,1.806182861328125,0.7839999794960022,1.9080896377563477
"E[Y(1,1)]",Nonlinear DGP + truncated adversarial,truncated_adv,0.1,0.9,"[0.1, 0.9]",results/nonlinear,truncated_adv_0.1_0.9,500,500,500,0,6.574518871307373,Auto-NN,0.6171867251396179,0.6877201795578003,0.4020000100135803,1.0821518898010254
"E[Y(1,1)]",Nonlinear DGP + truncated adversarial,truncated_adv,0.1,0.9,"[0.1, 0.9]",results/nonlinear,truncated_adv_0.1_0.9,1000,500,500,0,6.574518871307373,Oracle,-0.011719710193574429,0.27746573090553284,0.9419999718666077,1.0674031972885132
"E[Y(1,1)]",Nonlinear DGP + truncated adversarial,truncated_adv,0.1,0.9,"[0.1, 0.9]",results/nonlinear,truncated_adv_0.1_0.9,1000,500,500,0,6.574518871307373,Manual-Lasso (Bradic Original),-1.1957414150238037,9.099479675292969,0.9259999990463257,10.987886428833008
"E[Y(1,1)]",Nonlinear DGP + truncated adversarial,truncated_adv,0.1,0.9,"[0.1, 0.9]",results/nonlinear,truncated_adv_0.1_0.9,1000,500,500,0,6.574518871307373,Manual-Lasso (Bradic),,,0.0,
"E[Y(1,1)]",Nonlinear DGP + truncated adversarial,truncated_adv,0.1,0.9,"[0.1, 0.9]",results/nonlinear,truncated_adv_0.1_0.9,1000,500,500,0,6.574518871307373,Manual-RF (Bradic),,,0.0,
"E[Y(1,1)]",Nonlinear DGP + truncated adversarial,truncated_adv,0.1,0.9,"[0.1, 0.9]",results/nonlinear,truncated_adv_0.1_0.9,1000,500,500,0,6.574518871307373,Manual-NN (Bradic),,,0.0,
"E[Y(1,1)]",Nonlinear DGP + truncated adversarial,truncated_adv,0.1,0.9,"[0.1, 0.9]",results/nonlinear,truncated_adv_0.1_0.9,1000,500,500,0,6.574518871307373,Manual-Lasso,,,0.0,
"E[Y(1,1)]",Nonlinear DGP + truncated adversarial,truncated_adv,0.1,0.9,"[0.1, 0.9]",results/nonlinear,truncated_adv_0.1_0.9,1000,500,500,0,6.574518871307373,Manual-RF,,,0.0,
"E[Y(1,1)]",Nonlinear DGP + truncated adversarial,truncated_adv,0.1,0.9,"[0.1, 0.9]",results/nonlinear,truncated_adv_0.1_0.9,1000,500,500,0,6.574518871307373,Manual-NN,,,0.0,
"E[Y(1,1)]",Nonlinear DGP + truncated adversarial,truncated_adv,0.1,0.9,"[0.1, 0.9]",results/nonlinear,truncated_adv_0.1_0.9,1000,500,500,0,6.574518871307373,Manual-Lasso-Lasso,,,0.0,
"E[Y(1,1)]",Nonlinear DGP + truncated adversarial,truncated_adv,0.1,0.9,"[0.1, 0.9]",results/nonlinear,truncated_adv_0.1_0.9,1000,500,500,0,6.574518871307373,Manual-RF-RF,,,0.0,
"E[Y(1,1)]",Nonlinear DGP + truncated adversarial,truncated_adv,0.1,0.9,"[0.1, 0.9]",results/nonlinear,truncated_adv_0.1_0.9,1000,500,500,0,6.574518871307373,Manual-NN-NN,,,0.0,
"E[Y(1,1)]",Nonlinear DGP + truncated adversarial,truncated_adv,0.1,0.9,"[0.1, 0.9]",results/nonlinear,truncated_adv_0.1_0.9,1000,500,500,0,6.574518871307373,Auto-Lasso,0.5228955745697021,0.5578505396842957,0.23399999737739563,0.7621269822120667
"E[Y(1,1)]",Nonlinear DGP + truncated adversarial,truncated_adv,0.1,0.9,"[0.1, 0.9]",results/nonlinear,truncated_adv_0.1_0.9,1000,500,500,0,6.574518871307373,Auto-RF,-0.042187806218862534,2.000098466873169,0.8659999966621399,2.9697928428649902
"E[Y(1,1)]",Nonlinear DGP + truncated adversarial,truncated_adv,0.1,0.9,"[0.1, 0.9]",results/nonlinear,truncated_adv_0.1_0.9,1000,500,500,0,6.574518871307373,Auto-NN,0.29244524240493774,0.436680406332016,0.6759999990463257,1.037065029144287
"E[Y(1,1)]",Nonlinear DGP + truncated adversarial,truncated_adv,0.1,0.9,"[0.1, 0.9]",results/nonlinear,truncated_adv_0.1_0.9,2000,500,500,0,6.574518871307373,Oracle,-0.019953330978751183,0.1886739879846573,0.949999988079071,0.7559812664985657
"E[Y(1,1)]",Nonlinear DGP + truncated adversarial,truncated_adv,0.1,0.9,"[0.1, 0.9]",results/nonlinear,truncated_adv_0.1_0.9,2000,500,500,0,6.574518871307373,Manual-Lasso (Bradic Original),-0.5450109839439392,3.4420371055603027,0.9520000219345093,6.57419490814209
"E[Y(1,1)]",Nonlinear DGP + truncated adversarial,truncated_adv,0.1,0.9,"[0.1, 0.9]",results/nonlinear,truncated_adv_0.1_0.9,2000,500,500,0,6.574518871307373,Manual-Lasso (Bradic),,,0.0,
"E[Y(1,1)]",Nonlinear DGP + truncated adversarial,truncated_adv,0.1,0.9,"[0.1, 0.9]",results/nonlinear,truncated_adv_0.1_0.9,2000,500,500,0,6.574518871307373,Manual-RF (Bradic),,,0.0,
"E[Y(1,1)]",Nonlinear DGP + truncated adversarial,truncated_adv,0.1,0.9,"[0.1, 0.9]",results/nonlinear,truncated_adv_0.1_0.9,2000,500,500,0,6.574518871307373,Manual-NN (Bradic),,,0.0,
"E[Y(1,1)]",Nonlinear DGP + truncated adversarial,truncated_adv,0.1,0.9,"[0.1, 0.9]",results/nonlinear,truncated_adv_0.1_0.9,2000,500,500,0,6.574518871307373,Manual-Lasso,,,0.0,
"E[Y(1,1)]",Nonlinear DGP + truncated adversarial,truncated_adv,0.1,0.9,"[0.1, 0.9]",results/nonlinear,truncated_adv_0.1_0.9,2000,500,500,0,6.574518871307373,Manual-RF,,,0.0,
"E[Y(1,1)]",Nonlinear DGP + truncated adversarial,truncated_adv,0.1,0.9,"[0.1, 0.9]",results/nonlinear,truncated_adv_0.1_0.9,2000,500,500,0,6.574518871307373,Manual-NN,,,0.0,
"E[Y(1,1)]",Nonlinear DGP + truncated adversarial,truncated_adv,0.1,0.9,"[0.1, 0.9]",results/nonlinear,truncated_adv_0.1_0.9,2000,500,500,0,6.574518871307373,Manual-Lasso-Lasso,,,0.0,
"E[Y(1,1)]",Nonlinear DGP + truncated adversarial,truncated_adv,0.1,0.9,"[0.1, 0.9]",results/nonlinear,truncated_adv_0.1_0.9,2000,500,500,0,6.574518871307373,Manual-RF-RF,,,0.0,
"E[Y(1,1)]",Nonlinear DGP + truncated adversarial,truncated_adv,0.1,0.9,"[0.1, 0.9]",results/nonlinear,truncated_adv_0.1_0.9,2000,500,500,0,6.574518871307373,Manual-NN-NN,,,0.0,
"E[Y(1,1)]",Nonlinear DGP + truncated adversarial,truncated_adv,0.1,0.9,"[0.1, 0.9]",results/nonlinear,truncated_adv_0.1_0.9,2000,500,500,0,6.574518871307373,Auto-Lasso,0.527463436126709,0.5438271760940552,0.019999999552965164,0.538120448589325
"E[Y(1,1)]",Nonlinear DGP + truncated adversarial,truncated_adv,0.1,0.9,"[0.1, 0.9]",results/nonlinear,truncated_adv_0.1_0.9,2000,500,500,0,6.574518871307373,Auto-RF,-0.22147071361541748,5.115790843963623,0.9300000071525574,4.226100444793701
"E[Y(1,1)]",Nonlinear DGP + truncated adversarial,truncated_adv,0.1,0.9,"[0.1, 0.9]",results/nonlinear,truncated_adv_0.1_0.9,2000,500,500,0,6.574518871307373,Auto-NN,0.10637462139129639,0.3096972107887268,0.8640000224113464,1.0523583889007568
"E[Y(1,1)]",Linear DGP + truncated adversarial,truncated_adv,0.1,0.9,"[0.1, 0.9]",results/linear,truncated_adv_0.1_0.9,500,500,500,0,-2.0,Oracle,0.005884087178856134,0.3709163963794708,0.949999988079071,1.3027763366699219
"E[Y(1,1)]",Linear DGP + truncated adversarial,truncated_adv,0.1,0.9,"[0.1, 0.9]",results/linear,truncated_adv_0.1_0.9,500,500,500,0,-2.0,Manual-Lasso (Bradic Original),-2.148641586303711,70.83761596679688,0.9800000190734863,40.87110900878906
"E[Y(1,1)]",Linear DGP + truncated adversarial,truncated_adv,0.1,0.9,"[0.1, 0.9]",results/linear,truncated_adv_0.1_0.9,500,500,500,0,-2.0,Manual-Lasso (Bradic),,,0.0,
"E[Y(1,1)]",Linear DGP + truncated adversarial,truncated_adv,0.1,0.9,"[0.1, 0.9]",results/linear,truncated_adv_0.1_0.9,500,500,500,0,-2.0,Manual-RF (Bradic),,,0.0,
"E[Y(1,1)]",Linear DGP + truncated adversarial,truncated_adv,0.1,0.9,"[0.1, 0.9]",results/linear,truncated_adv_0.1_0.9,500,500,500,0,-2.0,Manual-NN (Bradic),,,0.0,
"E[Y(1,1)]",Linear DGP + truncated adversarial,truncated_adv,0.1,0.9,"[0.1, 0.9]",results/linear,truncated_adv_0.1_0.9,500,500,500,0,-2.0,Manual-Lasso,,,0.0,
"E[Y(1,1)]",Linear DGP + truncated adversarial,truncated_adv,0.1,0.9,"[0.1, 0.9]",results/linear,truncated_adv_0.1_0.9,500,500,500,0,-2.0,Manual-RF,,,0.0,
"E[Y(1,1)]",Linear DGP + truncated adversarial,truncated_adv,0.1,0.9,"[0.1, 0.9]",results/linear,truncated_adv_0.1_0.9,500,500,500,0,-2.0,Manual-NN,,,0.0,
"E[Y(1,1)]",Linear DGP + truncated adversarial,truncated_adv,0.1,0.9,"[0.1, 0.9]",results/linear,truncated_adv_0.1_0.9,500,500,500,0,-2.0,Manual-Lasso-Lasso,,,0.0,
"E[Y(1,1)]",Linear DGP + truncated adversarial,truncated_adv,0.1,0.9,"[0.1, 0.9]",results/linear,truncated_adv_0.1_0.9,500,500,500,0,-2.0,Manual-RF-RF,,,0.0,
"E[Y(1,1)]",Linear DGP + truncated adversarial,truncated_adv,0.1,0.9,"[0.1, 0.9]",results/linear,truncated_adv_0.1_0.9,500,500,500,0,-2.0,Manual-NN-NN,,,0.0,
"E[Y(1,1)]",Linear DGP + truncated adversarial,truncated_adv,0.1,0.9,"[0.1, 0.9]",results/linear,truncated_adv_0.1_0.9,500,500,500,0,-2.0,Auto-Lasso,0.00014549422485288233,0.2557087242603302,0.9279999732971191,0.920438289642334
"E[Y(1,1)]",Linear DGP + truncated adversarial,truncated_adv,0.1,0.9,"[0.1, 0.9]",results/linear,truncated_adv_0.1_0.9,500,500,500,0,-2.0,Auto-RF,0.00906676147133112,0.2757137417793274,0.8220000267028809,0.7001100778579712
"E[Y(1,1)]",Linear DGP + truncated adversarial,truncated_adv,0.1,0.9,"[0.1, 0.9]",results/linear,truncated_adv_0.1_0.9,500,500,500,0,-2.0,Auto-NN,-0.37496185302734375,0.46094897389411926,0.6579999923706055,0.9792605638504028
"E[Y(1,1)]",Linear DGP + truncated adversarial,truncated_adv,0.1,0.9,"[0.1, 0.9]",results/linear,truncated_adv_0.1_0.9,1000,500,500,0,-2.0,Oracle,-0.004115929827094078,0.25922131538391113,0.9599999785423279,0.9683772921562195
"E[Y(1,1)]",Linear DGP + truncated adversarial,truncated_adv,0.1,0.9,"[0.1, 0.9]",results/linear,truncated_adv_0.1_0.9,1000,500,500,0,-2.0,Manual-Lasso (Bradic Original),3.288943290710449,116.58698272705078,0.9819999933242798,54.29368591308594
"E[Y(1,1)]",Linear DGP + truncated adversarial,truncated_adv,0.1,0.9,"[0.1, 0.9]",results/linear,truncated_adv_0.1_0.9,1000,500,500,0,-2.0,Manual-Lasso (Bradic),,,0.0,
"E[Y(1,1)]",Linear DGP + truncated adversarial,truncated_adv,0.1,0.9,"[0.1, 0.9]",results/linear,truncated_adv_0.1_0.9,1000,500,500,0,-2.0,Manual-RF (Bradic),,,0.0,
"E[Y(1,1)]",Linear DGP + truncated adversarial,truncated_adv,0.1,0.9,"[0.1, 0.9]",results/linear,truncated_adv_0.1_0.9,1000,500,500,0,-2.0,Manual-NN (Bradic),,,0.0,
"E[Y(1,1)]",Linear DGP + truncated adversarial,truncated_adv,0.1,0.9,"[0.1, 0.9]",results/linear,truncated_adv_0.1_0.9,1000,500,500,0,-2.0,Manual-Lasso,,,0.0,
"E[Y(1,1)]",Linear DGP + truncated adversarial,truncated_adv,0.1,0.9,"[0.1, 0.9]",results/linear,truncated_adv_0.1_0.9,1000,500,500,0,-2.0,Manual-RF,,,0.0,
"E[Y(1,1)]",Linear DGP + truncated adversarial,truncated_adv,0.1,0.9,"[0.1, 0.9]",results/linear,truncated_adv_0.1_0.9,1000,500,500,0,-2.0,Manual-NN,,,0.0,
"E[Y(1,1)]",Linear DGP + truncated adversarial,truncated_adv,0.1,0.9,"[0.1, 0.9]",results/linear,truncated_adv_0.1_0.9,1000,500,500,0,-2.0,Manual-Lasso-Lasso,,,0.0,
"E[Y(1,1)]",Linear DGP + truncated adversarial,truncated_adv,0.1,0.9,"[0.1, 0.9]",results/linear,truncated_adv_0.1_0.9,1000,500,500,0,-2.0,Manual-RF-RF,,,0.0,
"E[Y(1,1)]",Linear DGP + truncated adversarial,truncated_adv,0.1,0.9,"[0.1, 0.9]",results/linear,truncated_adv_0.1_0.9,1000,500,500,0,-2.0,Manual-NN-NN,,,0.0,
"E[Y(1,1)]",Linear DGP + truncated adversarial,truncated_adv,0.1,0.9,"[0.1, 0.9]",results/linear,truncated_adv_0.1_0.9,1000,500,500,0,-2.0,Auto-Lasso,-0.001692656078375876,0.16896173357963562,0.9380000233650208,0.6364808678627014
"E[Y(1,1)]",Linear DGP + truncated adversarial,truncated_adv,0.1,0.9,"[0.1, 0.9]",results/linear,truncated_adv_0.1_0.9,1000,500,500,0,-2.0,Auto-RF,-0.002231890568509698,0.1882767230272293,0.8240000009536743,0.5121219754219055
"E[Y(1,1)]",Linear DGP + truncated adversarial,truncated_adv,0.1,0.9,"[0.1, 0.9]",results/linear,truncated_adv_0.1_0.9,1000,500,500,0,-2.0,Auto-NN,-0.08711590617895126,0.23644651472568512,0.9020000100135803,0.8073996305465698
"E[Y(1,1)]",Linear DGP + truncated adversarial,truncated_adv,0.1,0.9,"[0.1, 0.9]",results/linear,truncated_adv_0.1_0.9,2000,500,500,0,-2.0,Oracle,0.005874936934560537,0.17881812155246735,0.9520000219345093,0.6960371732711792
"E[Y(1,1)]",Linear DGP + truncated adversarial,truncated_adv,0.1,0.9,"[0.1, 0.9]",results/linear,truncated_adv_0.1_0.9,2000,500,500,0,-2.0,Manual-Lasso (Bradic Original),-3.3922386169433594,66.33206939697266,0.9940000176429749,38.15383529663086
"E[Y(1,1)]",Linear DGP + truncated adversarial,truncated_adv,0.1,0.9,"[0.1, 0.9]",results/linear,truncated_adv_0.1_0.9,2000,500,500,0,-2.0,Manual-Lasso (Bradic),,,0.0,
"E[Y(1,1)]",Linear DGP + truncated adversarial,truncated_adv,0.1,0.9,"[0.1, 0.9]",results/linear,truncated_adv_0.1_0.9,2000,500,500,0,-2.0,Manual-RF (Bradic),,,0.0,
"E[Y(1,1)]",Linear DGP + truncated adversarial,truncated_adv,0.1,0.9,"[0.1, 0.9]",results/linear,truncated_adv_0.1_0.9,2000,500,500,0,-2.0,Manual-NN (Bradic),,,0.0,
"E[Y(1,1)]",Linear DGP + truncated adversarial,truncated_adv,0.1,0.9,"[0.1, 0.9]",results/linear,truncated_adv_0.1_0.9,2000,500,500,0,-2.0,Manual-Lasso,,,0.0,
"E[Y(1,1)]",Linear DGP + truncated adversarial,truncated_adv,0.1,0.9,"[0.1, 0.9]",results/linear,truncated_adv_0.1_0.9,2000,500,500,0,-2.0,Manual-RF,,,0.0,
"E[Y(1,1)]",Linear DGP + truncated adversarial,truncated_adv,0.1,0.9,"[0.1, 0.9]",results/linear,truncated_adv_0.1_0.9,2000,500,500,0,-2.0,Manual-NN,,,0.0,
"E[Y(1,1)]",Linear DGP + truncated adversarial,truncated_adv,0.1,0.9,"[0.1, 0.9]",results/linear,truncated_adv_0.1_0.9,2000,500,500,0,-2.0,Manual-Lasso-Lasso,,,0.0,
"E[Y(1,1)]",Linear DGP + truncated adversarial,truncated_adv,0.1,0.9,"[0.1, 0.9]",results/linear,truncated_adv_0.1_0.9,2000,500,500,0,-2.0,Manual-RF-RF,,,0.0,
"E[Y(1,1)]",Linear DGP + truncated adversarial,truncated_adv,0.1,0.9,"[0.1, 0.9]",results/linear,truncated_adv_0.1_0.9,2000,500,500,0,-2.0,Manual-NN-NN,,,0.0,
"E[Y(1,1)]",Linear DGP + truncated adversarial,truncated_adv,0.1,0.9,"[0.1, 0.9]",results/linear,truncated_adv_0.1_0.9,2000,500,500,0,-2.0,Auto-Lasso,0.006029198877513409,0.11368440091609955,0.9520000219345093,0.44772621989250183
"E[Y(1,1)]",Linear DGP + truncated adversarial,truncated_adv,0.1,0.9,"[0.1, 0.9]",results/linear,truncated_adv_0.1_0.9,2000,500,500,0,-2.0,Auto-RF,0.007244383916258812,0.14459846913814545,0.8339999914169312,0.38292378187179565
"E[Y(1,1)]",Linear DGP + truncated adversarial,truncated_adv,0.1,0.9,"[0.1, 0.9]",results/linear,truncated_adv_0.1_0.9,2000,500,500,0,-2.0,Auto-NN,0.038570061326026917,0.29383108019828796,0.9380000233650208,0.9466567039489746
"E[Y(1,1)]",Linear DGP + logistic,logistic,,,none (full support),results/linear,logistic,500,500,500,0,-2.0,Oracle,0.01275613158941269,0.42336413264274597,0.9480000138282776,1.1933728456497192
"E[Y(1,1)]",Linear DGP + logistic,logistic,,,none (full support),results/linear,logistic,500,500,500,0,-2.0,Manual-Lasso (Bradic Original),0.016099022701382637,0.5350435376167297,0.9240000247955322,1.4550226926803589
"E[Y(1,1)]",Linear DGP + logistic,logistic,,,none (full support),results/linear,logistic,500,500,500,0,-2.0,Manual-Lasso (Bradic),,,0.0,
"E[Y(1,1)]",Linear DGP + logistic,logistic,,,none (full support),results/linear,logistic,500,500,500,0,-2.0,Manual-RF (Bradic),,,0.0,
"E[Y(1,1)]",Linear DGP + logistic,logistic,,,none (full support),results/linear,logistic,500,500,500,0,-2.0,Manual-NN (Bradic),,,0.0,
"E[Y(1,1)]",Linear DGP + logistic,logistic,,,none (full support),results/linear,logistic,500,500,500,0,-2.0,Manual-Lasso,,,0.0,
"E[Y(1,1)]",Linear DGP + logistic,logistic,,,none (full support),results/linear,logistic,500,500,500,0,-2.0,Manual-RF,,,0.0,
"E[Y(1,1)]",Linear DGP + logistic,logistic,,,none (full support),results/linear,logistic,500,500,500,0,-2.0,Manual-NN,,,0.0,
"E[Y(1,1)]",Linear DGP + logistic,logistic,,,none (full support),results/linear,logistic,500,500,500,0,-2.0,Manual-Lasso-Lasso,,,0.0,
"E[Y(1,1)]",Linear DGP + logistic,logistic,,,none (full support),results/linear,logistic,500,500,500,0,-2.0,Manual-RF-RF,,,0.0,
"E[Y(1,1)]",Linear DGP + logistic,logistic,,,none (full support),results/linear,logistic,500,500,500,0,-2.0,Manual-NN-NN,,,0.0,
"E[Y(1,1)]",Linear DGP + logistic,logistic,,,none (full support),results/linear,logistic,500,500,500,0,-2.0,Auto-Lasso,0.023880062624812126,0.24056081473827362,0.921999990940094,0.87245774269104
"E[Y(1,1)]",Linear DGP + logistic,logistic,,,none (full support),results/linear,logistic,500,500,500,0,-2.0,Auto-RF,0.02067086286842823,0.25940316915512085,0.8539999723434448,0.7004879713058472
"E[Y(1,1)]",Linear DGP + logistic,logistic,,,none (full support),results/linear,logistic,500,500,500,0,-2.0,Auto-NN,-0.33343425393104553,0.41779273748397827,0.6340000033378601,0.8460028767585754
"E[Y(1,1)]",Linear DGP + logistic,logistic,,,none (full support),results/linear,logistic,1000,500,500,0,-2.0,Oracle,-0.03457332402467728,0.4174986779689789,0.9660000205039978,0.9579129815101624
"E[Y(1,1)]",Linear DGP + logistic,logistic,,,none (full support),results/linear,logistic,1000,500,500,0,-2.0,Manual-Lasso (Bradic Original),-0.02164558134973049,0.3761216998100281,0.9319999814033508,0.9640069603919983
"E[Y(1,1)]",Linear DGP + logistic,logistic,,,none (full support),results/linear,logistic,1000,500,500,0,-2.0,Manual-Lasso (Bradic),,,0.0,
"E[Y(1,1)]",Linear DGP + logistic,logistic,,,none (full support),results/linear,logistic,1000,500,500,0,-2.0,Manual-RF (Bradic),,,0.0,
"E[Y(1,1)]",Linear DGP + logistic,logistic,,,none (full support),results/linear,logistic,1000,500,500,0,-2.0,Manual-NN (Bradic),,,0.0,
"E[Y(1,1)]",Linear DGP + logistic,logistic,,,none (full support),results/linear,logistic,1000,500,500,0,-2.0,Manual-Lasso,,,0.0,
"E[Y(1,1)]",Linear DGP + logistic,logistic,,,none (full support),results/linear,logistic,1000,500,500,0,-2.0,Manual-RF,,,0.0,
"E[Y(1,1)]",Linear DGP + logistic,logistic,,,none (full support),results/linear,logistic,1000,500,500,0,-2.0,Manual-NN,,,0.0,
"E[Y(1,1)]",Linear DGP + logistic,logistic,,,none (full support),results/linear,logistic,1000,500,500,0,-2.0,Manual-Lasso-Lasso,,,0.0,
"E[Y(1,1)]",Linear DGP + logistic,logistic,,,none (full support),results/linear,logistic,1000,500,500,0,-2.0,Manual-RF-RF,,,0.0,
"E[Y(1,1)]",Linear DGP + logistic,logistic,,,none (full support),results/linear,logistic,1000,500,500,0,-2.0,Manual-NN-NN,,,0.0,
"E[Y(1,1)]",Linear DGP + logistic,logistic,,,none (full support),results/linear,logistic,1000,500,500,0,-2.0,Auto-Lasso,-0.005283019971102476,0.16071519255638123,0.9340000152587891,0.6052147150039673
"E[Y(1,1)]",Linear DGP + logistic,logistic,,,none (full support),results/linear,logistic,1000,500,500,0,-2.0,Auto-RF,-0.0003838298434857279,0.1751652956008911,0.8579999804496765,0.5049049258232117
"E[Y(1,1)]",Linear DGP + logistic,logistic,,,none (full support),results/linear,logistic,1000,500,500,0,-2.0,Auto-NN,-0.1134854406118393,0.23308926820755005,0.8759999871253967,0.7357783317565918
"E[Y(1,1)]",Linear DGP + logistic,logistic,,,none (full support),results/linear,logistic,2000,500,500,0,-2.0,Oracle,0.0293694157153368,0.6838446259498596,0.9580000042915344,0.7819706797599792
"E[Y(1,1)]",Linear DGP + logistic,logistic,,,none (full support),results/linear,logistic,2000,500,500,0,-2.0,Manual-Lasso (Bradic Original),0.006420587655156851,0.25025588274002075,0.9319999814033508,0.6789182424545288
"E[Y(1,1)]",Linear DGP + logistic,logistic,,,none (full support),results/linear,logistic,2000,500,500,0,-2.0,Manual-Lasso (Bradic),,,0.0,
"E[Y(1,1)]",Linear DGP + logistic,logistic,,,none (full support),results/linear,logistic,2000,500,500,0,-2.0,Manual-RF (Bradic),,,0.0,
"E[Y(1,1)]",Linear DGP + logistic,logistic,,,none (full support),results/linear,logistic,2000,500,500,0,-2.0,Manual-NN (Bradic),,,0.0,
"E[Y(1,1)]",Linear DGP + logistic,logistic,,,none (full support),results/linear,logistic,2000,500,500,0,-2.0,Manual-Lasso,,,0.0,
"E[Y(1,1)]",Linear DGP + logistic,logistic,,,none (full support),results/linear,logistic,2000,500,500,0,-2.0,Manual-RF,,,0.0,
"E[Y(1,1)]",Linear DGP + logistic,logistic,,,none (full support),results/linear,logistic,2000,500,500,0,-2.0,Manual-NN,,,0.0,
"E[Y(1,1)]",Linear DGP + logistic,logistic,,,none (full support),results/linear,logistic,2000,500,500,0,-2.0,Manual-Lasso-Lasso,,,0.0,
"E[Y(1,1)]",Linear DGP + logistic,logistic,,,none (full support),results/linear,logistic,2000,500,500,0,-2.0,Manual-RF-RF,,,0.0,
"E[Y(1,1)]",Linear DGP + logistic,logistic,,,none (full support),results/linear,logistic,2000,500,500,0,-2.0,Manual-NN-NN,,,0.0,
"E[Y(1,1)]",Linear DGP + logistic,logistic,,,none (full support),results/linear,logistic,2000,500,500,0,-2.0,Auto-Lasso,0.006696281488984823,0.10780373215675354,0.9440000057220459,0.4261724054813385
"E[Y(1,1)]",Linear DGP + logistic,logistic,,,none (full support),results/linear,logistic,2000,500,500,0,-2.0,Auto-RF,-0.00614849291741848,0.38302290439605713,0.8539999723434448,0.4319821298122406
"E[Y(1,1)]",Linear DGP + logistic,logistic,,,none (full support),results/linear,logistic,2000,500,500,0,-2.0,Auto-NN,-0.0422559455037117,0.22961308062076569,0.949999988079071,0.8126606941223145
"E[Y(1,1)]",Linear DGP + truncated logistic,truncated_logistic,0.3,0.7,"[0.3, 0.7]",results/linear,truncated_logistic_0.3_0.7,500,500,500,0,-2.0,Oracle,0.01935873180627823,0.19516244530677795,0.9340000152587891,0.7275256514549255
"E[Y(1,1)]",Linear DGP + truncated logistic,truncated_logistic,0.3,0.7,"[0.3, 0.7]",results/linear,truncated_logistic_0.3_0.7,500,500,500,0,-2.0,Manual-Lasso (Bradic Original),0.01899844780564308,0.1994716078042984,0.9300000071525574,0.7492184042930603
"E[Y(1,1)]",Linear DGP + truncated logistic,truncated_logistic,0.3,0.7,"[0.3, 0.7]",results/linear,truncated_logistic_0.3_0.7,500,500,500,0,-2.0,Manual-Lasso (Bradic),,,0.0,
"E[Y(1,1)]",Linear DGP + truncated logistic,truncated_logistic,0.3,0.7,"[0.3, 0.7]",results/linear,truncated_logistic_0.3_0.7,500,500,500,0,-2.0,Manual-RF (Bradic),,,0.0,
"E[Y(1,1)]",Linear DGP + truncated logistic,truncated_logistic,0.3,0.7,"[0.3, 0.7]",results/linear,truncated_logistic_0.3_0.7,500,500,500,0,-2.0,Manual-NN (Bradic),,,0.0,
"E[Y(1,1)]",Linear DGP + truncated logistic,truncated_logistic,0.3,0.7,"[0.3, 0.7]",results/linear,truncated_logistic_0.3_0.7,500,500,500,0,-2.0,Manual-Lasso,,,0.0,
"E[Y(1,1)]",Linear DGP + truncated logistic,truncated_logistic,0.3,0.7,"[0.3, 0.7]",results/linear,truncated_logistic_0.3_0.7,500,500,500,0,-2.0,Manual-RF,,,0.0,
"E[Y(1,1)]",Linear DGP + truncated logistic,truncated_logistic,0.3,0.7,"[0.3, 0.7]",results/linear,truncated_logistic_0.3_0.7,500,500,500,0,-2.0,Manual-NN,,,0.0,
"E[Y(1,1)]",Linear DGP + truncated logistic,truncated_logistic,0.3,0.7,"[0.3, 0.7]",results/linear,truncated_logistic_0.3_0.7,500,500,500,0,-2.0,Manual-Lasso-Lasso,,,0.0,
"E[Y(1,1)]",Linear DGP + truncated logistic,truncated_logistic,0.3,0.7,"[0.3, 0.7]",results/linear,truncated_logistic_0.3_0.7,500,500,500,0,-2.0,Manual-RF-RF,,,0.0,
"E[Y(1,1)]",Linear DGP + truncated logistic,truncated_logistic,0.3,0.7,"[0.3, 0.7]",results/linear,truncated_logistic_0.3_0.7,500,500,500,0,-2.0,Manual-NN-NN,,,0.0,
"E[Y(1,1)]",Linear DGP + truncated logistic,truncated_logistic,0.3,0.7,"[0.3, 0.7]",results/linear,truncated_logistic_0.3_0.7,500,500,500,0,-2.0,Auto-Lasso,0.020756298676133156,0.19902008771896362,0.9259999990463257,0.7405139803886414
"E[Y(1,1)]",Linear DGP + truncated logistic,truncated_logistic,0.3,0.7,"[0.3, 0.7]",results/linear,truncated_logistic_0.3_0.7,500,500,500,0,-2.0,Auto-RF,0.0149617288261652,0.20239458978176117,0.9240000247955322,0.72395259141922
"E[Y(1,1)]",Linear DGP + truncated logistic,truncated_logistic,0.3,0.7,"[0.3, 0.7]",results/linear,truncated_logistic_0.3_0.7,500,500,500,0,-2.0,Auto-NN,-0.11623351275920868,0.2378072440624237,0.8759999871253967,0.7523468136787415
"E[Y(1,1)]",Linear DGP + truncated logistic,truncated_logistic,0.3,0.7,"[0.3, 0.7]",results/linear,truncated_logistic_0.3_0.7,1000,500,500,0,-2.0,Oracle,0.003831314854323864,0.131931871175766,0.9520000219345093,0.5138025879859924
"E[Y(1,1)]",Linear DGP + truncated logistic,truncated_logistic,0.3,0.7,"[0.3, 0.7]",results/linear,truncated_logistic_0.3_0.7,1000,500,500,0,-2.0,Manual-Lasso (Bradic Original),0.003817297052592039,0.13470833003520966,0.9459999799728394,0.5221003890037537
"E[Y(1,1)]",Linear DGP + truncated logistic,truncated_logistic,0.3,0.7,"[0.3, 0.7]",results/linear,truncated_logistic_0.3_0.7,1000,500,500,0,-2.0,Manual-Lasso (Bradic),,,0.0,
"E[Y(1,1)]",Linear DGP + truncated logistic,truncated_logistic,0.3,0.7,"[0.3, 0.7]",results/linear,truncated_logistic_0.3_0.7,1000,500,500,0,-2.0,Manual-RF (Bradic),,,0.0,
"E[Y(1,1)]",Linear DGP + truncated logistic,truncated_logistic,0.3,0.7,"[0.3, 0.7]",results/linear,truncated_logistic_0.3_0.7,1000,500,500,0,-2.0,Manual-NN (Bradic),,,0.0,
"E[Y(1,1)]",Linear DGP + truncated logistic,truncated_logistic,0.3,0.7,"[0.3, 0.7]",results/linear,truncated_logistic_0.3_0.7,1000,500,500,0,-2.0,Manual-Lasso,,,0.0,
"E[Y(1,1)]",Linear DGP + truncated logistic,truncated_logistic,0.3,0.7,"[0.3, 0.7]",results/linear,truncated_logistic_0.3_0.7,1000,500,500,0,-2.0,Manual-RF,,,0.0,
"E[Y(1,1)]",Linear DGP + truncated logistic,truncated_logistic,0.3,0.7,"[0.3, 0.7]",results/linear,truncated_logistic_0.3_0.7,1000,500,500,0,-2.0,Manual-NN,,,0.0,
"E[Y(1,1)]",Linear DGP + truncated logistic,truncated_logistic,0.3,0.7,"[0.3, 0.7]",results/linear,truncated_logistic_0.3_0.7,1000,500,500,0,-2.0,Manual-Lasso-Lasso,,,0.0,
"E[Y(1,1)]",Linear DGP + truncated logistic,truncated_logistic,0.3,0.7,"[0.3, 0.7]",results/linear,truncated_logistic_0.3_0.7,1000,500,500,0,-2.0,Manual-RF-RF,,,0.0,
"E[Y(1,1)]",Linear DGP + truncated logistic,truncated_logistic,0.3,0.7,"[0.3, 0.7]",results/linear,truncated_logistic_0.3_0.7,1000,500,500,0,-2.0,Manual-NN-NN,,,0.0,
"E[Y(1,1)]",Linear DGP + truncated logistic,truncated_logistic,0.3,0.7,"[0.3, 0.7]",results/linear,truncated_logistic_0.3_0.7,1000,500,500,0,-2.0,Auto-Lasso,0.00265865889377892,0.1344570517539978,0.9440000057220459,0.5147355198860168
"E[Y(1,1)]",Linear DGP + truncated logistic,truncated_logistic,0.3,0.7,"[0.3, 0.7]",results/linear,truncated_logistic_0.3_0.7,1000,500,500,0,-2.0,Auto-RF,0.005151062738150358,0.1370764523744583,0.9419999718666077,0.5095800161361694
"E[Y(1,1)]",Linear DGP + truncated logistic,truncated_logistic,0.3,0.7,"[0.3, 0.7]",results/linear,truncated_logistic_0.3_0.7,1000,500,500,0,-2.0,Auto-NN,-0.0054536075331270695,0.14390815794467926,0.9440000057220459,0.543275773525238
"E[Y(1,1)]",Linear DGP + truncated logistic,truncated_logistic,0.3,0.7,"[0.3, 0.7]",results/linear,truncated_logistic_0.3_0.7,2000,500,500,0,-2.0,Oracle,0.005398069508373737,0.08770984411239624,0.972000002861023,0.36352524161338806
"E[Y(1,1)]",Linear DGP + truncated logistic,truncated_logistic,0.3,0.7,"[0.3, 0.7]",results/linear,truncated_logistic_0.3_0.7,2000,500,500,0,-2.0,Manual-Lasso (Bradic Original),0.0041477615013718605,0.08912196755409241,0.9660000205039978,0.3672083616256714
"E[Y(1,1)]",Linear DGP + truncated logistic,truncated_logistic,0.3,0.7,"[0.3, 0.7]",results/linear,truncated_logistic_0.3_0.7,2000,500,500,0,-2.0,Manual-Lasso (Bradic),,,0.0,
"E[Y(1,1)]",Linear DGP + truncated logistic,truncated_logistic,0.3,0.7,"[0.3, 0.7]",results/linear,truncated_logistic_0.3_0.7,2000,500,500,0,-2.0,Manual-RF (Bradic),,,0.0,
"E[Y(1,1)]",Linear DGP + truncated logistic,truncated_logistic,0.3,0.7,"[0.3, 0.7]",results/linear,truncated_logistic_0.3_0.7,2000,500,500,0,-2.0,Manual-NN (Bradic),,,0.0,
"E[Y(1,1)]",Linear DGP + truncated logistic,truncated_logistic,0.3,0.7,"[0.3, 0.7]",results/linear,truncated_logistic_0.3_0.7,2000,500,500,0,-2.0,Manual-Lasso,,,0.0,
"E[Y(1,1)]",Linear DGP + truncated logistic,truncated_logistic,0.3,0.7,"[0.3, 0.7]",results/linear,truncated_logistic_0.3_0.7,2000,500,500,0,-2.0,Manual-RF,,,0.0,
"E[Y(1,1)]",Linear DGP + truncated logistic,truncated_logistic,0.3,0.7,"[0.3, 0.7]",results/linear,truncated_logistic_0.3_0.7,2000,500,500,0,-2.0,Manual-NN,,,0.0,
"E[Y(1,1)]",Linear DGP + truncated logistic,truncated_logistic,0.3,0.7,"[0.3, 0.7]",results/linear,truncated_logistic_0.3_0.7,2000,500,500,0,-2.0,Manual-Lasso-Lasso,,,0.0,
"E[Y(1,1)]",Linear DGP + truncated logistic,truncated_logistic,0.3,0.7,"[0.3, 0.7]",results/linear,truncated_logistic_0.3_0.7,2000,500,500,0,-2.0,Manual-RF-RF,,,0.0,
"E[Y(1,1)]",Linear DGP + truncated logistic,truncated_logistic,0.3,0.7,"[0.3, 0.7]",results/linear,truncated_logistic_0.3_0.7,2000,500,500,0,-2.0,Manual-NN-NN,,,0.0,
"E[Y(1,1)]",Linear DGP + truncated logistic,truncated_logistic,0.3,0.7,"[0.3, 0.7]",results/linear,truncated_logistic_0.3_0.7,2000,500,500,0,-2.0,Auto-Lasso,0.004601684398949146,0.08816521614789963,0.9660000205039978,0.3618020713329315
"E[Y(1,1)]",Linear DGP + truncated logistic,truncated_logistic,0.3,0.7,"[0.3, 0.7]",results/linear,truncated_logistic_0.3_0.7,2000,500,500,0,-2.0,Auto-RF,0.0037745474837720394,0.09028394520282745,0.949999988079071,0.35815665125846863
"E[Y(1,1)]",Linear DGP + truncated logistic,truncated_logistic,0.3,0.7,"[0.3, 0.7]",results/linear,truncated_logistic_0.3_0.7,2000,500,500,0,-2.0,Auto-NN,0.0062508052214980125,0.09607852250337601,0.9599999785423279,0.39109042286872864
"E[Y(1,1)]",Nonlinear DGP + truncated adversarial,truncated_adv,0.3,0.7,"[0.3, 0.7]",results/nonlinear,truncated_adv_0.3_0.7,500,500,500,0,6.574518871307373,Oracle,-0.012581347487866879,0.26798465847969055,0.9559999704360962,1.0485807657241821
"E[Y(1,1)]",Nonlinear DGP + truncated adversarial,truncated_adv,0.3,0.7,"[0.3, 0.7]",results/nonlinear,truncated_adv_0.3_0.7,500,500,500,0,6.574518871307373,Manual-Lasso (Bradic Original),0.14283090829849243,0.29786646366119385,0.9020000100135803,1.0476946830749512
"E[Y(1,1)]",Nonlinear DGP + truncated adversarial,truncated_adv,0.3,0.7,"[0.3, 0.7]",results/nonlinear,truncated_adv_0.3_0.7,500,500,500,0,6.574518871307373,Manual-Lasso (Bradic),0.12425970286130905,0.29158008098602295,0.9259999990463257,1.0920997858047485
"E[Y(1,1)]",Nonlinear DGP + truncated adversarial,truncated_adv,0.3,0.7,"[0.3, 0.7]",results/nonlinear,truncated_adv_0.3_0.7,500,500,500,0,6.574518871307373,Manual-RF (Bradic),0.033281873911619186,0.8771534562110901,0.9240000247955322,2.4580838680267334
"E[Y(1,1)]",Nonlinear DGP + truncated adversarial,truncated_adv,0.3,0.7,"[0.3, 0.7]",results/nonlinear,truncated_adv_0.3_0.7,500,500,500,0,6.574518871307373,Manual-NN (Bradic),0.19138100743293762,0.6774868965148926,0.9900000095367432,2.4356210231781006
"E[Y(1,1)]",Nonlinear DGP + truncated adversarial,truncated_adv,0.3,0.7,"[0.3, 0.7]",results/nonlinear,truncated_adv_0.3_0.7,500,500,500,0,6.574518871307373,Manual-Lasso,0.12173483520746231,0.2911466956138611,0.9259999990463257,1.0929614305496216
"E[Y(1,1)]",Nonlinear DGP + truncated adversarial,truncated_adv,0.3,0.7,"[0.3, 0.7]",results/nonlinear,truncated_adv_0.3_0.7,500,500,500,0,6.574518871307373,Manual-RF,0.05211838707327843,0.8658158183097839,0.921999990940094,2.462299346923828
"E[Y(1,1)]",Nonlinear DGP + truncated adversarial,truncated_adv,0.3,0.7,"[0.3, 0.7]",results/nonlinear,truncated_adv_0.3_0.7,500,500,500,0,6.574518871307373,Manual-NN,0.1914258748292923,0.6775081753730774,0.9900000095367432,2.4356913566589355
"E[Y(1,1)]",Nonlinear DGP + truncated adversarial,truncated_adv,0.3,0.7,"[0.3, 0.7]",results/nonlinear,truncated_adv_0.3_0.7,500,500,500,0,6.574518871307373,Manual-Lasso-Lasso,0.12516041100025177,0.29109635949134827,0.921999990940094,1.0851905345916748
"E[Y(1,1)]",Nonlinear DGP + truncated adversarial,truncated_adv,0.3,0.7,"[0.3, 0.7]",results/nonlinear,truncated_adv_0.3_0.7,500,500,500,0,6.574518871307373,Manual-RF-RF,0.8025035262107849,0.8616713881492615,0.46399998664855957,1.524887204170227
"E[Y(1,1)]",Nonlinear DGP + truncated adversarial,truncated_adv,0.3,0.7,"[0.3, 0.7]",results/nonlinear,truncated_adv_0.3_0.7,500,500,500,0,6.574518871307373,Manual-NN-NN,-71.2032470703125,1480.8702392578125,0.9779999852180481,282.95050048828125
"E[Y(1,1)]",Nonlinear DGP + truncated adversarial,truncated_adv,0.3,0.7,"[0.3, 0.7]",results/nonlinear,truncated_adv_0.3_0.7,500,500,500,0,6.574518871307373,Auto-Lasso,0.1705855280160904,0.31068721413612366,0.9100000262260437,1.0267462730407715
"E[Y(1,1)]",Nonlinear DGP + truncated adversarial,truncated_adv,0.3,0.7,"[0.3, 0.7]",results/nonlinear,truncated_adv_0.3_0.7,500,500,500,0,6.574518871307373,Auto-RF,0.08046140521764755,0.2847987413406372,0.9300000071525574,1.0509836673736572
"E[Y(1,1)]",Nonlinear DGP + truncated adversarial,truncated_adv,0.3,0.7,"[0.3, 0.7]",results/nonlinear,truncated_adv_0.3_0.7,500,500,500,0,6.574518871307373,Auto-NN,0.23449885845184326,0.35584449768066406,0.8220000267028809,0.9994587302207947
"E[Y(1,1)]",Nonlinear DGP + truncated adversarial,truncated_adv,0.3,0.7,"[0.3, 0.7]",results/nonlinear,truncated_adv_0.3_0.7,1000,500,500,0,6.574518871307373,Oracle,-0.002965635387226939,0.19720637798309326,0.9340000152587891,0.7393234372138977
"E[Y(1,1)]",Nonlinear DGP + truncated adversarial,truncated_adv,0.3,0.7,"[0.3, 0.7]",results/nonlinear,truncated_adv_0.3_0.7,1000,500,500,0,6.574518871307373,Manual-Lasso (Bradic Original),0.14973659813404083,0.2476445883512497,0.8820000290870667,0.7345074415206909
"E[Y(1,1)]",Nonlinear DGP + truncated adversarial,truncated_adv,0.3,0.7,"[0.3, 0.7]",results/nonlinear,truncated_adv_0.3_0.7,1000,500,500,0,6.574518871307373,Manual-Lasso (Bradic),0.14334633946418762,0.24623830616474152,0.8840000033378601,0.753036379814148
"E[Y(1,1)]",Nonlinear DGP + truncated adversarial,truncated_adv,0.3,0.7,"[0.3, 0.7]",results/nonlinear,truncated_adv_0.3_0.7,1000,500,500,0,6.574518871307373,Manual-RF (Bradic),0.1482306718826294,0.40584930777549744,0.9100000262260437,1.5384042263031006
"E[Y(1,1)]",Nonlinear DGP + truncated adversarial,truncated_adv,0.3,0.7,"[0.3, 0.7]",results/nonlinear,truncated_adv_0.3_0.7,1000,500,500,0,6.574518871307373,Manual-NN (Bradic),0.16886678338050842,0.3531884253025055,0.9860000014305115,1.6080988645553589
"E[Y(1,1)]",Nonlinear DGP + truncated adversarial,truncated_adv,0.3,0.7,"[0.3, 0.7]",results/nonlinear,truncated_adv_0.3_0.7,1000,500,500,0,6.574518871307373,Manual-Lasso,0.1409033238887787,0.24495232105255127,0.8840000033378601,0.7534351944923401
"E[Y(1,1)]",Nonlinear DGP + truncated adversarial,truncated_adv,0.3,0.7,"[0.3, 0.7]",results/nonlinear,truncated_adv_0.3_0.7,1000,500,500,0,6.574518871307373,Manual-RF,0.11868931353092194,0.4101034104824066,0.9240000247955322,1.5789142847061157
"E[Y(1,1)]",Nonlinear DGP + truncated adversarial,truncated_adv,0.3,0.7,"[0.3, 0.7]",results/nonlinear,truncated_adv_0.3_0.7,1000,500,500,0,6.574518871307373,Manual-NN,0.1689516305923462,0.3532043397426605,0.9860000014305115,1.6082295179367065
"E[Y(1,1)]",Nonlinear DGP + truncated adversarial,truncated_adv,0.3,0.7,"[0.3, 0.7]",results/nonlinear,truncated_adv_0.3_0.7,1000,500,500,0,6.574518871307373,Manual-Lasso-Lasso,0.14380228519439697,0.24634304642677307,0.8840000033378601,0.751335620880127
"E[Y(1,1)]",Nonlinear DGP + truncated adversarial,truncated_adv,0.3,0.7,"[0.3, 0.7]",results/nonlinear,truncated_adv_0.3_0.7,1000,500,500,0,6.574518871307373,Manual-RF-RF,0.4405823051929474,0.5067539215087891,0.7039999961853027,1.1275783777236938
"E[Y(1,1)]",Nonlinear DGP + truncated adversarial,truncated_adv,0.3,0.7,"[0.3, 0.7]",results/nonlinear,truncated_adv_0.3_0.7,1000,500,500,0,6.574518871307373,Manual-NN-NN,-0.9103243350982666,5.080478668212891,0.9900000095367432,5.116471290588379
"E[Y(1,1)]",Nonlinear DGP + truncated adversarial,truncated_adv,0.3,0.7,"[0.3, 0.7]",results/nonlinear,truncated_adv_0.3_0.7,1000,500,500,0,6.574518871307373,Auto-Lasso,0.18030759692192078,0.2641342580318451,0.8399999737739563,0.7213947772979736
"E[Y(1,1)]",Nonlinear DGP + truncated adversarial,truncated_adv,0.3,0.7,"[0.3, 0.7]",results/nonlinear,truncated_adv_0.3_0.7,1000,500,500,0,6.574518871307373,Auto-RF,0.06300175935029984,0.21438120305538177,0.9100000262260437,0.7525742053985596
"E[Y(1,1)]",Nonlinear DGP + truncated adversarial,truncated_adv,0.3,0.7,"[0.3, 0.7]",results/nonlinear,truncated_adv_0.3_0.7,1000,500,500,0,6.574518871307373,Auto-NN,0.07284372299909592,0.21725820004940033,0.9279999732971191,0.7615508437156677
"E[Y(1,1)]",Nonlinear DGP + truncated adversarial,truncated_adv,0.3,0.7,"[0.3, 0.7]",results/nonlinear,truncated_adv_0.3_0.7,2000,500,500,0,6.574518871307373,Oracle,-0.015947947278618813,0.13160447776317596,0.9539999961853027,0.5244526863098145
"E[Y(1,1)]",Nonlinear DGP + truncated adversarial,truncated_adv,0.3,0.7,"[0.3, 0.7]",results/nonlinear,truncated_adv_0.3_0.7,2000,500,500,0,6.574518871307373,Manual-Lasso (Bradic Original),0.13841448724269867,0.18943549692630768,0.8180000185966492,0.5191618204116821
"E[Y(1,1)]",Nonlinear DGP + truncated adversarial,truncated_adv,0.3,0.7,"[0.3, 0.7]",results/nonlinear,truncated_adv_0.3_0.7,2000,500,500,0,6.574518871307373,Manual-Lasso (Bradic),0.1330225020647049,0.1861410290002823,0.8299999833106995,0.5269207954406738
"E[Y(1,1)]",Nonlinear DGP + truncated adversarial,truncated_adv,0.3,0.7,"[0.3, 0.7]",results/nonlinear,truncated_adv_0.3_0.7,2000,500,500,0,6.574518871307373,Manual-RF (Bradic),0.19066041707992554,0.30391696095466614,0.8460000157356262,1.0159746408462524
"E[Y(1,1)]",Nonlinear DGP + truncated adversarial,truncated_adv,0.3,0.7,"[0.3, 0.7]",results/nonlinear,truncated_adv_0.3_0.7,2000,500,500,0,6.574518871307373,Manual-NN (Bradic),0.1334231048822403,0.24710309505462646,0.9800000190734863,1.1262354850769043
"E[Y(1,1)]",Nonlinear DGP + truncated adversarial,truncated_adv,0.3,0.7,"[0.3, 0.7]",results/nonlinear,truncated_adv_0.3_0.7,2000,500,500,0,6.574518871307373,Manual-Lasso,0.131058931350708,0.18488271534442902,0.8360000252723694,0.5273308157920837
"E[Y(1,1)]",Nonlinear DGP + truncated adversarial,truncated_adv,0.3,0.7,"[0.3, 0.7]",results/nonlinear,truncated_adv_0.3_0.7,2000,500,500,0,6.574518871307373,Manual-RF,0.10119315981864929,0.27245742082595825,0.9200000166893005,1.0516550540924072
"E[Y(1,1)]",Nonlinear DGP + truncated adversarial,truncated_adv,0.3,0.7,"[0.3, 0.7]",results/nonlinear,truncated_adv_0.3_0.7,2000,500,500,0,6.574518871307373,Manual-NN,0.13367317616939545,0.2472057044506073,0.9800000190734863,1.1265403032302856
"E[Y(1,1)]",Nonlinear DGP + truncated adversarial,truncated_adv,0.3,0.7,"[0.3, 0.7]",results/nonlinear,truncated_adv_0.3_0.7,2000,500,500,0,6.574518871307373,Manual-Lasso-Lasso,0.1332598328590393,0.186269611120224,0.8299999833106995,0.526396632194519
"E[Y(1,1)]",Nonlinear DGP + truncated adversarial,truncated_adv,0.3,0.7,"[0.3, 0.7]",results/nonlinear,truncated_adv_0.3_0.7,2000,500,500,0,6.574518871307373,Manual-RF-RF,0.3466792106628418,0.3859708309173584,0.6000000238418579,0.782842755317688
"E[Y(1,1)]",Nonlinear DGP + truncated adversarial,truncated_adv,0.3,0.7,"[0.3, 0.7]",results/nonlinear,truncated_adv_0.3_0.7,2000,500,500,0,6.574518871307373,Manual-NN-NN,-0.1968235969543457,0.809420108795166,1.0,1.7427469491958618
"E[Y(1,1)]",Nonlinear DGP + truncated adversarial,truncated_adv,0.3,0.7,"[0.3, 0.7]",results/nonlinear,truncated_adv_0.3_0.7,2000,500,500,0,6.574518871307373,Auto-Lasso,0.17133788764476776,0.21412478387355804,0.7480000257492065,0.5118901133537292
"E[Y(1,1)]",Nonlinear DGP + truncated adversarial,truncated_adv,0.3,0.7,"[0.3, 0.7]",results/nonlinear,truncated_adv_0.3_0.7,2000,500,500,0,6.574518871307373,Auto-RF,0.02810080349445343,0.13828104734420776,0.9520000219345093,0.5414997935295105
"E[Y(1,1)]",Nonlinear DGP + truncated adversarial,truncated_adv,0.3,0.7,"[0.3, 0.7]",results/nonlinear,truncated_adv_0.3_0.7,2000,500,500,0,6.574518871307373,Auto-NN,0.0627618208527565,0.15091072022914886,0.9139999747276306,0.5437519550323486
"E[Y(1,1)]",Linear DGP + truncated adversarial,truncated_adv,0.3,0.7,"[0.3, 0.7]",results/linear,truncated_adv_0.3_0.7,500,500,500,0,-2.0,Oracle,0.017924968153238297,0.21069037914276123,0.9319999814033508,0.7737027406692505
"E[Y(1,1)]",Linear DGP + truncated adversarial,truncated_adv,0.3,0.7,"[0.3, 0.7]",results/linear,truncated_adv_0.3_0.7,500,500,500,0,-2.0,Manual-Lasso (Bradic Original),0.022640587761998177,0.21934249997138977,0.9200000166893005,0.823495626449585
"E[Y(1,1)]",Linear DGP + truncated adversarial,truncated_adv,0.3,0.7,"[0.3, 0.7]",results/linear,truncated_adv_0.3_0.7,500,500,500,0,-2.0,Manual-Lasso (Bradic),,,0.0,
"E[Y(1,1)]",Linear DGP + truncated adversarial,truncated_adv,0.3,0.7,"[0.3, 0.7]",results/linear,truncated_adv_0.3_0.7,500,500,500,0,-2.0,Manual-RF (Bradic),,,0.0,
"E[Y(1,1)]",Linear DGP + truncated adversarial,truncated_adv,0.3,0.7,"[0.3, 0.7]",results/linear,truncated_adv_0.3_0.7,500,500,500,0,-2.0,Manual-NN (Bradic),,,0.0,
"E[Y(1,1)]",Linear DGP + truncated adversarial,truncated_adv,0.3,0.7,"[0.3, 0.7]",results/linear,truncated_adv_0.3_0.7,500,500,500,0,-2.0,Manual-Lasso,,,0.0,
"E[Y(1,1)]",Linear DGP + truncated adversarial,truncated_adv,0.3,0.7,"[0.3, 0.7]",results/linear,truncated_adv_0.3_0.7,500,500,500,0,-2.0,Manual-RF,,,0.0,
"E[Y(1,1)]",Linear DGP + truncated adversarial,truncated_adv,0.3,0.7,"[0.3, 0.7]",results/linear,truncated_adv_0.3_0.7,500,500,500,0,-2.0,Manual-NN,,,0.0,
"E[Y(1,1)]",Linear DGP + truncated adversarial,truncated_adv,0.3,0.7,"[0.3, 0.7]",results/linear,truncated_adv_0.3_0.7,500,500,500,0,-2.0,Manual-Lasso-Lasso,,,0.0,
"E[Y(1,1)]",Linear DGP + truncated adversarial,truncated_adv,0.3,0.7,"[0.3, 0.7]",results/linear,truncated_adv_0.3_0.7,500,500,500,0,-2.0,Manual-RF-RF,,,0.0,
"E[Y(1,1)]",Linear DGP + truncated adversarial,truncated_adv,0.3,0.7,"[0.3, 0.7]",results/linear,truncated_adv_0.3_0.7,500,500,500,0,-2.0,Manual-NN-NN,,,0.0,
"E[Y(1,1)]",Linear DGP + truncated adversarial,truncated_adv,0.3,0.7,"[0.3, 0.7]",results/linear,truncated_adv_0.3_0.7,500,500,500,0,-2.0,Auto-Lasso,0.017211155965924263,0.2099476456642151,0.9319999814033508,0.7625837326049805
"E[Y(1,1)]",Linear DGP + truncated adversarial,truncated_adv,0.3,0.7,"[0.3, 0.7]",results/linear,truncated_adv_0.3_0.7,500,500,500,0,-2.0,Auto-RF,0.01994232088327408,0.2168586254119873,0.8999999761581421,0.7190430760383606
"E[Y(1,1)]",Linear DGP + truncated adversarial,truncated_adv,0.3,0.7,"[0.3, 0.7]",results/linear,truncated_adv_0.3_0.7,500,500,500,0,-2.0,Auto-NN,-0.14743712544441223,0.2663603127002716,0.8479999899864197,0.7749125361442566
"E[Y(1,1)]",Linear DGP + truncated adversarial,truncated_adv,0.3,0.7,"[0.3, 0.7]",results/linear,truncated_adv_0.3_0.7,1000,500,500,0,-2.0,Oracle,0.00590963289141655,0.14036071300506592,0.9399999976158142,0.5466927289962769
"E[Y(1,1)]",Linear DGP + truncated adversarial,truncated_adv,0.3,0.7,"[0.3, 0.7]",results/linear,truncated_adv_0.3_0.7,1000,500,500,0,-2.0,Manual-Lasso (Bradic Original),0.010124046355485916,0.14346328377723694,0.9459999799728394,0.5657163262367249
"E[Y(1,1)]",Linear DGP + truncated adversarial,truncated_adv,0.3,0.7,"[0.3, 0.7]",results/linear,truncated_adv_0.3_0.7,1000,500,500,0,-2.0,Manual-Lasso (Bradic),,,0.0,
"E[Y(1,1)]",Linear DGP + truncated adversarial,truncated_adv,0.3,0.7,"[0.3, 0.7]",results/linear,truncated_adv_0.3_0.7,1000,500,500,0,-2.0,Manual-RF (Bradic),,,0.0,
"E[Y(1,1)]",Linear DGP + truncated adversarial,truncated_adv,0.3,0.7,"[0.3, 0.7]",results/linear,truncated_adv_0.3_0.7,1000,500,500,0,-2.0,Manual-NN (Bradic),,,0.0,
"E[Y(1,1)]",Linear DGP + truncated adversarial,truncated_adv,0.3,0.7,"[0.3, 0.7]",results/linear,truncated_adv_0.3_0.7,1000,500,500,0,-2.0,Manual-Lasso,,,0.0,
"E[Y(1,1)]",Linear DGP + truncated adversarial,truncated_adv,0.3,0.7,"[0.3, 0.7]",results/linear,truncated_adv_0.3_0.7,1000,500,500,0,-2.0,Manual-RF,,,0.0,
"E[Y(1,1)]",Linear DGP + truncated adversarial,truncated_adv,0.3,0.7,"[0.3, 0.7]",results/linear,truncated_adv_0.3_0.7,1000,500,500,0,-2.0,Manual-NN,,,0.0,
"E[Y(1,1)]",Linear DGP + truncated adversarial,truncated_adv,0.3,0.7,"[0.3, 0.7]",results/linear,truncated_adv_0.3_0.7,1000,500,500,0,-2.0,Manual-Lasso-Lasso,,,0.0,
"E[Y(1,1)]",Linear DGP + truncated adversarial,truncated_adv,0.3,0.7,"[0.3, 0.7]",results/linear,truncated_adv_0.3_0.7,1000,500,500,0,-2.0,Manual-RF-RF,,,0.0,
"E[Y(1,1)]",Linear DGP + truncated adversarial,truncated_adv,0.3,0.7,"[0.3, 0.7]",results/linear,truncated_adv_0.3_0.7,1000,500,500,0,-2.0,Manual-NN-NN,,,0.0,
"E[Y(1,1)]",Linear DGP + truncated adversarial,truncated_adv,0.3,0.7,"[0.3, 0.7]",results/linear,truncated_adv_0.3_0.7,1000,500,500,0,-2.0,Auto-Lasso,0.004624009132385254,0.13611170649528503,0.9440000057220459,0.5278381109237671
"E[Y(1,1)]",Linear DGP + truncated adversarial,truncated_adv,0.3,0.7,"[0.3, 0.7]",results/linear,truncated_adv_0.3_0.7,1000,500,500,0,-2.0,Auto-RF,0.008021299727261066,0.1408972293138504,0.9259999990463257,0.5072292685508728
"E[Y(1,1)]",Linear DGP + truncated adversarial,truncated_adv,0.3,0.7,"[0.3, 0.7]",results/linear,truncated_adv_0.3_0.7,1000,500,500,0,-2.0,Auto-NN,0.003814049530774355,0.15006908774375916,0.9559999704360962,0.5672181844711304
"E[Y(1,1)]",Linear DGP + truncated adversarial,truncated_adv,0.3,0.7,"[0.3, 0.7]",results/linear,truncated_adv_0.3_0.7,2000,500,500,0,-2.0,Oracle,0.0066255200654268265,0.0965409055352211,0.9580000042915344,0.3865591287612915
"E[Y(1,1)]",Linear DGP + truncated adversarial,truncated_adv,0.3,0.7,"[0.3, 0.7]",results/linear,truncated_adv_0.3_0.7,2000,500,500,0,-2.0,Manual-Lasso (Bradic Original),0.007052177097648382,0.10029754042625427,0.9700000286102295,0.39824825525283813
"E[Y(1,1)]",Linear DGP + truncated adversarial,truncated_adv,0.3,0.7,"[0.3, 0.7]",results/linear,truncated_adv_0.3_0.7,2000,500,500,0,-2.0,Manual-Lasso (Bradic),,,0.0,
"E[Y(1,1)]",Linear DGP + truncated adversarial,truncated_adv,0.3,0.7,"[0.3, 0.7]",results/linear,truncated_adv_0.3_0.7,2000,500,500,0,-2.0,Manual-RF (Bradic),,,0.0,
"E[Y(1,1)]",Linear DGP + truncated adversarial,truncated_adv,0.3,0.7,"[0.3, 0.7]",results/linear,truncated_adv_0.3_0.7,2000,500,500,0,-2.0,Manual-NN (Bradic),,,0.0,
"E[Y(1,1)]",Linear DGP + truncated adversarial,truncated_adv,0.3,0.7,"[0.3, 0.7]",results/linear,truncated_adv_0.3_0.7,2000,500,500,0,-2.0,Manual-Lasso,,,0.0,
"E[Y(1,1)]",Linear DGP + truncated adversarial,truncated_adv,0.3,0.7,"[0.3, 0.7]",results/linear,truncated_adv_0.3_0.7,2000,500,500,0,-2.0,Manual-RF,,,0.0,
"E[Y(1,1)]",Linear DGP + truncated adversarial,truncated_adv,0.3,0.7,"[0.3, 0.7]",results/linear,truncated_adv_0.3_0.7,2000,500,500,0,-2.0,Manual-NN,,,0.0,
"E[Y(1,1)]",Linear DGP + truncated adversarial,truncated_adv,0.3,0.7,"[0.3, 0.7]",results/linear,truncated_adv_0.3_0.7,2000,500,500,0,-2.0,Manual-Lasso-Lasso,,,0.0,
"E[Y(1,1)]",Linear DGP + truncated adversarial,truncated_adv,0.3,0.7,"[0.3, 0.7]",results/linear,truncated_adv_0.3_0.7,2000,500,500,0,-2.0,Manual-RF-RF,,,0.0,
"E[Y(1,1)]",Linear DGP + truncated adversarial,truncated_adv,0.3,0.7,"[0.3, 0.7]",results/linear,truncated_adv_0.3_0.7,2000,500,500,0,-2.0,Manual-NN-NN,,,0.0,
"E[Y(1,1)]",Linear DGP + truncated adversarial,truncated_adv,0.3,0.7,"[0.3, 0.7]",results/linear,truncated_adv_0.3_0.7,2000,500,500,0,-2.0,Auto-Lasso,0.004451739136129618,0.09299910068511963,0.9599999785423279,0.3714287579059601
"E[Y(1,1)]",Linear DGP + truncated adversarial,truncated_adv,0.3,0.7,"[0.3, 0.7]",results/linear,truncated_adv_0.3_0.7,2000,500,500,0,-2.0,Auto-RF,0.005437816493213177,0.09737829118967056,0.9480000138282776,0.3592711091041565
"E[Y(1,1)]",Linear DGP + truncated adversarial,truncated_adv,0.3,0.7,"[0.3, 0.7]",results/linear,truncated_adv_0.3_0.7,2000,500,500,0,-2.0,Auto-NN,0.0077164024114608765,0.10288505256175995,0.972000002861023,0.42093443870544434
